CREATE DATABASE  IF NOT EXISTS `biblioteca` /*!40100 DEFAULT CHARACTER SET utf8 */ /*!80016 DEFAULT ENCRYPTION='N' */;
USE `biblioteca`;
-- MySQL dump 10.13  Distrib 8.0.24, for Win64 (x86_64)
--
-- Host: localhost    Database: biblioteca
-- ------------------------------------------------------
-- Server version	8.0.24

/*!40101 SET @OLD_CHARACTER_SET_CLIENT=@@CHARACTER_SET_CLIENT */;
/*!40101 SET @OLD_CHARACTER_SET_RESULTS=@@CHARACTER_SET_RESULTS */;
/*!40101 SET @OLD_COLLATION_CONNECTION=@@COLLATION_CONNECTION */;
/*!50503 SET NAMES utf8 */;
/*!40103 SET @OLD_TIME_ZONE=@@TIME_ZONE */;
/*!40103 SET TIME_ZONE='+00:00' */;
/*!40014 SET @OLD_UNIQUE_CHECKS=@@UNIQUE_CHECKS, UNIQUE_CHECKS=0 */;
/*!40014 SET @OLD_FOREIGN_KEY_CHECKS=@@FOREIGN_KEY_CHECKS, FOREIGN_KEY_CHECKS=0 */;
/*!40101 SET @OLD_SQL_MODE=@@SQL_MODE, SQL_MODE='NO_AUTO_VALUE_ON_ZERO' */;
/*!40111 SET @OLD_SQL_NOTES=@@SQL_NOTES, SQL_NOTES=0 */;

--
-- Table structure for table `cliente`
--

DROP TABLE IF EXISTS `cliente`;
/*!40101 SET @saved_cs_client     = @@character_set_client */;
/*!50503 SET character_set_client = utf8mb4 */;
CREATE TABLE `cliente` (
  `cpf_cl` varchar(14) NOT NULL,
  `data_nasc_cl` date DEFAULT NULL,
  `sexo_cl` enum('M','F') DEFAULT NULL,
  `nome_cl` varchar(30) DEFAULT NULL,
  `contato_cl` varchar(15) DEFAULT NULL,
  `rua_end_cl` varchar(30) DEFAULT NULL,
  `cep_end_cl` varchar(10) DEFAULT NULL,
  `numero_end_cl` int DEFAULT NULL,
  `complemento_end_cl` varchar(60) DEFAULT NULL,
  `bairro_end_cl` varchar(40) DEFAULT NULL,
  `cidade_end_cl` varchar(40) DEFAULT NULL,
  PRIMARY KEY (`cpf_cl`)
) ENGINE=InnoDB DEFAULT CHARSET=utf8mb3;
/*!40101 SET character_set_client = @saved_cs_client */;

--
-- Dumping data for table `cliente`
--

LOCK TABLES `cliente` WRITE;
/*!40000 ALTER TABLE `cliente` DISABLE KEYS */;
INSERT INTO `cliente` VALUES ('000.000.000-00','1992-03-07','F','Kerline','(56)56565-5656','Rua Alameda Slim','56.565.565',7,'casa','Tiroleio','Cidade Fantasma'),('012.012.012-01','1963-05-15','F','Karol','(78)78787-7878','Rua Alameda Slim','45.454.454',13,'apto','Tiroleio','Cidade Fantasma'),('098.098.098-09','1973-02-25','M','José Macarotti','(67)67676-6767','Rua Alameda Slim','09.090.090',908,'apto','Tiroleio','Cidade Fantasma'),('109.109.109-10','1956-08-30','M','Wei','(32)32323-3232','Rua Alameda Slim','21.212.212',832,'casa','Tiroleio','Cidade Fantasma'),('122.535.678-19','2000-11-27','M','Felipe','(24)92567-3254','Rua Alameda Slim','13.456.325',1,'casa','Tiroleio','Cidade Fantasma'),('123.123.123-12','2004-05-31','M','Carlos','(12)12121-1212','Rua Alameda Slim','12.121.121',98,'apto','Tiroleio','Cidade Fantasma'),('154.276.143-87','1977-07-31','M','André','(21)21212-2121','Rua Alameda Slim','10.101.101',14,'apto','Tiroleio','Cidade Fantasma'),('210.210.210-21','1964-06-25','M','Jonathan','(43)43434-4343','Rua Alameda Slim','32.323.323',931,'casa','Tiroleio','Cidade Fantasma'),('234.234.234-23','2000-04-22','M','Dimitri','(09)09090-0909','Rua Alameda Slim','23.232.232',23,'casa','Tiroleio','Cidade Fantasma'),('321.321.321-32','1984-05-29','F','Jéssica','(54)54545-5454','Rua Alameda Slim','43.434.434',378,'apto','Tiroleio','Cidade Fantasma'),('345.345.345-34','1970-04-25','M','Gilberto','(90)90909-9090','Rua Alameda Slim','78.787.787',17,'casa','Tiroleio','Cidade Fantasma'),('432.432.432-43','1997-04-26','F','Beatriz','(65)65656-6565','Rua Alameda Slim','54.545.545',542,'casa','Tiroleio','Cidade Fantasma'),('456.456.456-45','1998-02-03','F','Tiana','(34)34343-3434','Rua Alameda Slim','34.343.343',53,'casa','Tiroleio','Cidade Fantasma'),('543.543.543-54','1993-03-19','F','Maria Eduarda','(76)76767-7676','Rua Alameda Slim','65.656.656',168,'casa','Tiroleio','Cidade Fantasma'),('567.567.567-56','1980-09-12','M','Josué','(45)45454-4545','Rua Alameda Slim','67.676.676',97,'apto','Tiroleio','Cidade Fantasma'),('654.654.654-65','2001-02-08','F','Débora','(10)10101-1010','Rua Alameda Slim','76.767.767',78,'apto','Tiroleio','Cidade Fantasma'),('666.666.666-66','2002-08-22','M','Dagoberto','(66)66666-6666','Rua Alameda Slim','66.666.666',338,'casa','Tiroleio','Cidade Fantasma'),('678.678.678-67','1996-02-22','M','Daniel','(01)01010-0101','Rua Alameda Slim','90.909.909',190,'casa','Tiroleio','Cidade Fantasma'),('765.765.765-76','2003-01-06','F','Camila','(89)01010-0101','Rua Alameda Slim','87.878.878',743,'apto','Tiroleio','Cidade Fantasma'),('777.777.777-77','1995-11-10','M','Paulo','(77)77777-7777','Rua Maria Betania','77.777.777',981,'apto','Mpbairro','Cidade caetânea'),('876.876.876-87','2002-10-02','M','GG','(87)87878-8787','Rua Alameda Slim','98.989.989',15,'casa','Tiroleio','Cidade Fantasma'),('888.888.888-88','1980-10-30','F','Josefina','(88)88888-8888','Rua Alameda Slim','88.888.888',155,'apto','Tiroleio','Cidade Fantasma'),('890.890.890-89','1999-01-30','M','Josuke','(98)98989-9898','Rua Alameda Slim','89.898.898',1490,'casa','Tiroleio','Cidade Fantasma'),('901.901.901-90','1975-09-27','F','Jandiraí','(23)2323-2323','Rua Alameda Slim','01.010.010',46,'casa','Tiroleio','Cidade Fantasma'),('999.999.999-99','2000-12-28','M','João','(99)99999-9999','Rua Slim Shady','99.999.999',78,'casa','Tiroleio','Cidade Fantasma');
/*!40000 ALTER TABLE `cliente` ENABLE KEYS */;
UNLOCK TABLES;

--
-- Table structure for table `emprestimo`
--

DROP TABLE IF EXISTS `emprestimo`;
/*!40101 SET @saved_cs_client     = @@character_set_client */;
/*!50503 SET character_set_client = utf8mb4 */;
CREATE TABLE `emprestimo` (
  `data_emprestimo` date NOT NULL,
  `data_devolucao` date DEFAULT NULL,
  `cpf_cl` varchar(14) NOT NULL,
  `id_exemplar` int NOT NULL,
  PRIMARY KEY (`data_emprestimo`,`cpf_cl`,`id_exemplar`),
  KEY `cpf_cl` (`cpf_cl`),
  KEY `id_exemplar` (`id_exemplar`),
  CONSTRAINT `emprestimo_ibfk_1` FOREIGN KEY (`cpf_cl`) REFERENCES `cliente` (`cpf_cl`),
  CONSTRAINT `emprestimo_ibfk_2` FOREIGN KEY (`id_exemplar`) REFERENCES `exemplar` (`id_exemplar`)
) ENGINE=InnoDB DEFAULT CHARSET=utf8mb3;
/*!40101 SET character_set_client = @saved_cs_client */;

--
-- Dumping data for table `emprestimo`
--

LOCK TABLES `emprestimo` WRITE;
/*!40000 ALTER TABLE `emprestimo` DISABLE KEYS */;
INSERT INTO `emprestimo` VALUES ('1998-02-22','1998-03-15','210.210.210-21',79),('1998-03-07','1998-03-30','567.567.567-56',154),('1998-03-08','1998-03-27','777.777.777-77',67),('1998-03-21','1998-04-02','654.654.654-65',137),('1998-04-05','1998-04-30','109.109.109-10',175),('1998-04-06','1998-04-25','345.345.345-34',20),('1998-04-25','1998-05-14','876.876.876-87',12),('1998-05-14','1998-05-24','666.666.666-66',20),('1998-05-23','1998-06-09','000.000.000-00',230),('1998-05-28','1998-06-06','765.765.765-76',169),('1998-05-30','1998-06-28','901.901.901-90',30),('1998-06-17','1998-07-15','888.888.888-88',147),('1998-06-18','1998-06-25','666.666.666-66',170),('1998-06-30','1998-07-15','678.678.678-67',214),('1998-07-10','1998-07-20','678.678.678-67',203),('1998-07-16','1998-08-09','000.000.000-00',212),('1998-07-17','1998-07-27','654.654.654-65',42),('1998-07-18','1998-07-25','109.109.109-10',180),('1998-07-21','1998-08-02','901.901.901-90',111),('1998-07-23','1998-08-20','901.901.901-90',108),('1998-07-24','1998-08-14','123.123.123-12',127),('1998-07-29','1998-08-18','234.234.234-23',135),('1998-07-31','1998-08-20','234.234.234-23',14),('1998-08-31','1998-09-13','122.535.678-19',6),('1998-09-18','1998-10-17','098.098.098-09',232),('1998-09-24','1998-10-12','567.567.567-56',25),('1998-09-25','1998-10-09','666.666.666-66',59),('1998-10-02','1998-10-28','901.901.901-90',119),('1998-10-03','1998-10-08','777.777.777-77',196),('1998-10-19','1998-10-20','210.210.210-21',214),('1998-11-13','1998-11-26','345.345.345-34',21),('1998-11-14','1998-12-06','123.123.123-12',98),('1998-11-20','1998-12-01','999.999.999-99',133),('1998-11-23','1998-12-14','888.888.888-88',23),('1998-11-28','1998-12-11','456.456.456-45',111),('1998-12-02','1998-12-07','890.890.890-89',39),('1998-12-13','1998-12-18','210.210.210-21',78),('1998-12-24','1999-01-20','154.276.143-87',202),('1999-01-19','1999-01-20','154.276.143-87',228),('1999-02-21','1999-03-06','432.432.432-43',72),('1999-02-21','1999-03-08','567.567.567-56',46),('1999-02-28','1999-03-21','654.654.654-65',119),('1999-03-03','1999-03-12','109.109.109-10',162),('1999-03-04','1999-04-01','109.109.109-10',232),('1999-03-05','1999-03-16','999.999.999-99',61),('1999-03-13','1999-03-14','321.321.321-32',191),('1999-03-17','1999-04-06','901.901.901-90',23),('1999-03-23','1999-04-12','876.876.876-87',101),('1999-04-02','1999-04-14','432.432.432-43',78),('1999-04-03','1999-04-12','678.678.678-67',96),('1999-04-07','1999-04-08','888.888.888-88',204),('1999-04-10','1999-05-02','777.777.777-77',103),('1999-04-18','1999-04-29','122.535.678-19',133),('1999-04-27','1999-05-20','777.777.777-77',186),('1999-05-03','1999-05-17','543.543.543-54',217),('1999-05-05','1999-05-24','777.777.777-77',30),('1999-05-05','1999-05-14','890.890.890-89',155),('1999-05-06','1999-05-21','666.666.666-66',138),('1999-05-08','1999-05-18','654.654.654-65',193),('1999-05-12','1999-05-31','012.012.012-01',57),('1999-05-23','1999-06-11','098.098.098-09',106),('1999-06-05','1999-06-08','012.012.012-01',154),('1999-06-06','1999-06-15','122.535.678-19',119),('1999-06-16','1999-06-25','666.666.666-66',190),('1999-06-25','1999-07-19','456.456.456-45',7),('1999-07-13','1999-07-23','012.012.012-01',78),('1999-08-22','1999-09-01','456.456.456-45',175),('1999-08-28','1999-09-13','901.901.901-90',203),('1999-09-23','1999-10-11','210.210.210-21',112),('1999-09-24','1999-10-08','000.000.000-00',159),('1999-09-28','1999-10-14','777.777.777-77',19),('1999-10-18','1999-10-20','777.777.777-77',51),('1999-10-21','1999-11-07','888.888.888-88',164),('1999-10-28','1999-11-25','456.456.456-45',222),('1999-11-10','1999-11-29','456.456.456-45',140),('1999-11-12','1999-11-24','654.654.654-65',24),('1999-11-13','1999-12-03','122.535.678-19',212),('1999-11-15','1999-11-30','123.123.123-12',206),('1999-11-17','1999-12-12','543.543.543-54',120),('1999-11-22','1999-12-02','234.234.234-23',164),('1999-11-23','1999-12-04','890.890.890-89',116),('1999-11-27','1999-12-09','210.210.210-21',99),('1999-11-29','1999-12-03','345.345.345-34',106),('1999-12-07','1999-12-20','543.543.543-54',130),('1999-12-12','1999-12-27','210.210.210-21',147),('1999-12-17','1999-12-21','012.012.012-01',41),('1999-12-22','2000-01-06','123.123.123-12',133),('2000-01-10','2000-01-30','901.901.901-90',142),('2000-01-28','2000-02-02','777.777.777-77',118),('2000-01-30','2000-02-07','012.012.012-01',75),('2000-01-30','2000-02-07','122.535.678-19',190),('2000-02-01','2000-02-26','543.543.543-54',140),('2000-02-06','2000-02-23','999.999.999-99',62),('2000-02-08','2000-03-06','098.098.098-09',229),('2000-02-29','2000-03-12','012.012.012-01',184),('2000-03-17','2000-04-13','777.777.777-77',162),('2000-03-23','2000-04-20','000.000.000-00',202),('2000-03-30','2000-04-28','876.876.876-87',47),('2000-04-01','2000-04-04','678.678.678-67',226),('2000-04-07','2000-04-20','666.666.666-66',123),('2000-04-08','2000-04-28','777.777.777-77',28),('2000-05-13','2000-06-04','345.345.345-34',166),('2000-05-15','2000-06-06','567.567.567-56',106),('2000-05-17','2000-06-15','876.876.876-87',69),('2000-05-23','2000-06-01','888.888.888-88',97),('2000-05-24','2000-06-16','876.876.876-87',90),('2000-05-26','2000-06-07','210.210.210-21',130),('2000-06-09','2000-07-02','999.999.999-99',207),('2000-06-16','2000-06-30','234.234.234-23',88),('2000-06-27','2000-07-18','666.666.666-66',97),('2000-07-07','2000-07-16','432.432.432-43',91),('2000-07-10','2000-08-02','098.098.098-09',29),('2000-07-10','2000-08-02','432.432.432-43',75),('2000-07-15','2000-07-26','012.012.012-01',15),('2000-07-15','2000-08-04','123.123.123-12',109),('2000-07-17','2000-08-10','678.678.678-67',218),('2000-07-26','2000-08-17','122.535.678-19',219),('2000-07-31','2000-08-27','654.654.654-65',104),('2000-08-08','2000-08-20','122.535.678-19',165),('2000-08-16','2000-08-22','456.456.456-45',217),('2000-09-02','2000-10-01','345.345.345-34',198),('2000-09-07','2000-09-27','999.999.999-99',59),('2000-09-13','2000-10-01','999.999.999-99',125),('2000-09-16','2000-09-28','345.345.345-34',100),('2000-09-22','2000-10-03','154.276.143-87',40),('2000-09-29','2000-10-22','543.543.543-54',48),('2000-10-14','2000-11-01','000.000.000-00',78),('2000-10-18','2000-10-19','098.098.098-09',83),('2000-10-27','2000-11-03','109.109.109-10',70),('2000-11-04','2000-11-23','109.109.109-10',111),('2000-11-06','2000-12-04','901.901.901-90',24),('2000-11-07','2000-11-15','901.901.901-90',228),('2000-11-14','2000-11-26','765.765.765-76',127),('2000-12-11','2001-01-08','321.321.321-32',97),('2001-01-03','2001-01-12','999.999.999-99',162),('2001-01-16','2001-01-23','777.777.777-77',86),('2001-01-20','2001-02-02','654.654.654-65',72),('2001-01-26','2001-01-27','765.765.765-76',106),('2001-01-28','2001-02-22','999.999.999-99',164),('2001-02-16','2001-03-17','154.276.143-87',134),('2001-03-07','2001-04-01','098.098.098-09',122),('2001-03-14','2001-03-16','654.654.654-65',98),('2001-03-17','2001-04-09','901.901.901-90',48),('2001-03-25','2001-04-11','567.567.567-56',96),('2001-04-06','2001-04-28','000.000.000-00',73),('2001-04-18','2001-05-15','543.543.543-54',180),('2001-04-18','2001-04-20','901.901.901-90',205),('2001-05-04','2001-05-07','765.765.765-76',54),('2001-05-10','2001-06-04','321.321.321-32',157),('2001-05-31','2001-06-28','122.535.678-19',159),('2001-06-08','2001-06-16','123.123.123-12',227),('2001-06-15','2001-07-07','000.000.000-00',81),('2001-07-01','2001-07-22','777.777.777-77',160),('2001-07-01','2001-07-21','888.888.888-88',121),('2001-07-20','2001-07-28','777.777.777-77',198),('2001-08-23','2001-09-20','098.098.098-09',188),('2001-08-28','2001-09-24','345.345.345-34',133),('2001-09-14','2001-09-21','122.535.678-19',111),('2001-09-16','2001-09-19','456.456.456-45',228),('2001-09-20','2001-10-03','666.666.666-66',124),('2001-09-27','2001-10-24','890.890.890-89',179),('2001-10-02','2001-10-10','543.543.543-54',97),('2001-10-14','2001-11-07','210.210.210-21',88),('2001-10-22','2001-11-01','109.109.109-10',110),('2001-10-24','2001-11-18','345.345.345-34',84),('2001-11-04','2001-11-22','654.654.654-65',80),('2001-11-07','2001-12-03','012.012.012-01',219),('2001-11-09','2001-11-30','876.876.876-87',145),('2001-11-10','2001-12-06','000.000.000-00',11),('2001-12-03','2001-12-12','123.123.123-12',155),('2001-12-09','2002-01-07','543.543.543-54',50),('2001-12-20','2001-12-31','567.567.567-56',219),('2001-12-28','2002-01-12','098.098.098-09',37),('2001-12-30','2002-01-22','890.890.890-89',79),('2002-01-01','2002-01-14','765.765.765-76',3),('2002-01-07','2002-01-08','321.321.321-32',198),('2002-02-22','2002-03-01','000.000.000-00',117),('2002-02-28','2002-03-28','999.999.999-99',79),('2002-03-12','2002-03-31','210.210.210-21',68),('2002-03-15','2002-04-01','777.777.777-77',84),('2002-03-22','2002-03-28','765.765.765-76',32),('2002-03-25','2002-04-13','234.234.234-23',77),('2002-04-08','2002-05-04','666.666.666-66',206),('2002-04-19','2002-05-13','901.901.901-90',216),('2002-04-27','2002-05-16','654.654.654-65',46),('2002-05-02','2002-05-05','901.901.901-90',117),('2002-05-04','2002-05-29','666.666.666-66',88),('2002-05-18','2002-06-02','154.276.143-87',52),('2002-06-05','2002-06-13','432.432.432-43',158),('2002-06-09','2002-07-06','122.535.678-19',85),('2002-06-19','2002-06-30','876.876.876-87',160),('2002-07-01','2002-07-19','999.999.999-99',101),('2002-07-05','2002-08-01','890.890.890-89',110),('2002-07-16','2002-08-07','876.876.876-87',188),('2002-07-19','2002-07-23','123.123.123-12',121),('2002-07-21','2002-08-04','210.210.210-21',104),('2002-07-25','2002-07-28','777.777.777-77',118),('2002-08-12','2002-08-20','765.765.765-76',166),('2002-09-05','2002-09-15','456.456.456-45',204),('2002-09-13','2002-10-01','234.234.234-23',65),('2002-09-14','2002-09-16','210.210.210-21',204),('2002-09-15','2002-09-23','234.234.234-23',86),('2002-10-01','2002-10-24','122.535.678-19',232),('2002-10-04','2002-11-02','456.456.456-45',38),('2002-10-22','2002-10-28','154.276.143-87',82),('2002-10-23','2002-10-24','210.210.210-21',137),('2002-10-29','2002-11-06','654.654.654-65',131),('2002-11-02','2002-11-14','876.876.876-87',148),('2002-11-22','2002-12-09','888.888.888-88',92),('2002-11-24','2002-12-10','888.888.888-88',83),('2002-12-01','2002-12-28','345.345.345-34',183),('2002-12-02','2002-12-31','122.535.678-19',80),('2002-12-09','2003-01-03','154.276.143-87',109),('2002-12-18','2002-12-26','432.432.432-43',171),('2002-12-18','2003-01-07','999.999.999-99',49),('2002-12-31','2003-01-09','543.543.543-54',224),('2003-01-07','2003-01-13','123.123.123-12',221),('2003-01-16','2003-02-11','890.890.890-89',231),('2003-01-31','2003-02-26','012.012.012-01',135),('2003-02-13','2003-02-14','876.876.876-87',76),('2003-02-18','2003-03-05','123.123.123-12',53),('2003-02-22','2003-03-23','890.890.890-89',221),('2003-03-03','2003-03-20','012.012.012-01',195),('2003-03-11','2003-04-08','890.890.890-89',229),('2003-03-14','2003-04-07','122.535.678-19',176),('2003-03-19','2003-04-08','122.535.678-19',112),('2003-03-21','2003-03-25','345.345.345-34',187),('2003-03-25','2003-04-07','109.109.109-10',166),('2003-04-13','2003-05-08','777.777.777-77',157),('2003-05-13','2003-05-26','876.876.876-87',217),('2003-05-15','2003-06-09','154.276.143-87',121),('2003-05-20','2003-06-15','765.765.765-76',59),('2003-06-07','2003-06-27','765.765.765-76',218),('2003-07-07','2003-07-09','567.567.567-56',134),('2003-07-08','2003-07-18','543.543.543-54',48),('2003-07-30','2003-08-05','888.888.888-88',119),('2003-08-02','2003-08-21','345.345.345-34',110),('2003-08-19','2003-08-23','122.535.678-19',43),('2003-09-11','2003-10-01','345.345.345-34',136),('2003-09-24','2003-10-13','123.123.123-12',220),('2003-10-05','2003-10-17','234.234.234-23',147),('2003-10-09','2003-10-23','345.345.345-34',222),('2003-11-04','2003-11-10','012.012.012-01',5),('2003-11-14','2003-11-27','122.535.678-19',150),('2003-11-18','2003-12-17','109.109.109-10',117),('2003-11-25','2003-12-15','456.456.456-45',70),('2003-11-28','2003-12-14','321.321.321-32',138),('2003-12-19','2004-01-09','888.888.888-88',154),('2003-12-31','2004-01-10','154.276.143-87',110),('2004-01-02','2004-01-16','154.276.143-87',206),('2004-01-09','2004-02-02','678.678.678-67',53),('2004-01-10','2004-01-25','432.432.432-43',93),('2004-01-31','2004-02-27','154.276.143-87',3),('2004-02-01','2004-02-02','999.999.999-99',66),('2004-02-05','2004-02-29','666.666.666-66',104),('2004-02-05','2004-02-08','666.666.666-66',230),('2004-02-18','2004-03-10','543.543.543-54',157),('2004-02-20','2004-02-21','456.456.456-45',175),('2004-03-16','2004-03-30','890.890.890-89',68),('2004-03-21','2004-04-17','765.765.765-76',209),('2004-04-30','2004-05-05','012.012.012-01',43),('2004-05-04','2004-05-06','000.000.000-00',63),('2004-05-24','2004-06-05','765.765.765-76',208),('2004-06-04','2004-06-30','654.654.654-65',186),('2004-06-16','2004-07-03','567.567.567-56',70),('2004-06-20','2004-06-25','012.012.012-01',43),('2004-06-25','2004-07-14','123.123.123-12',20),('2004-06-29','2004-07-28','654.654.654-65',73),('2004-07-11','2004-07-26','000.000.000-00',187),('2004-07-14','2004-08-05','654.654.654-65',76),('2004-07-16','2004-07-24','234.234.234-23',170),('2004-07-19','2004-08-03','654.654.654-65',177),('2004-08-03','2004-08-28','876.876.876-87',222),('2004-08-31','2004-09-13','012.012.012-01',161),('2004-09-08','2004-10-04','777.777.777-77',11),('2004-09-10','2004-09-24','876.876.876-87',198),('2004-09-22','2004-10-08','234.234.234-23',34),('2004-09-27','2004-10-18','210.210.210-21',164),('2004-10-04','2004-10-18','999.999.999-99',174),('2004-10-05','2004-10-29','678.678.678-67',80),('2004-10-11','2004-10-21','666.666.666-66',151),('2004-10-12','2004-10-16','098.098.098-09',174),('2004-11-06','2004-11-15','456.456.456-45',156),('2004-11-13','2004-11-28','456.456.456-45',220),('2004-11-19','2004-12-07','901.901.901-90',79),('2004-11-22','2004-12-20','901.901.901-90',80),('2004-11-24','2004-12-15','876.876.876-87',102),('2004-12-06','2004-12-29','654.654.654-65',165),('2004-12-07','2004-12-10','901.901.901-90',145),('2004-12-09','2004-12-31','123.123.123-12',185),('2004-12-17','2005-01-08','122.535.678-19',107),('2004-12-29','2005-01-23','154.276.143-87',145),('2005-01-15','2005-02-13','888.888.888-88',43),('2005-01-29','2005-02-01','098.098.098-09',192),('2005-02-03','2005-03-01','012.012.012-01',174),('2005-02-03','2005-02-12','154.276.143-87',67),('2005-02-06','2005-03-07','000.000.000-00',86),('2005-02-07','2005-02-20','321.321.321-32',212),('2005-02-20','2005-02-27','210.210.210-21',162),('2005-02-23','2005-03-01','122.535.678-19',92),('2005-02-26','2005-03-12','543.543.543-54',232),('2005-02-26','2005-03-21','876.876.876-87',115),('2005-03-18','2005-03-29','876.876.876-87',168),('2005-03-27','2005-04-12','154.276.143-87',159),('2005-04-02','2005-04-18','678.678.678-67',206),('2005-04-24','2005-05-12','345.345.345-34',105),('2005-04-28','2005-05-01','012.012.012-01',93),('2005-05-24','2005-06-07','432.432.432-43',61),('2005-05-31','2005-06-25','210.210.210-21',127),('2005-06-22','2005-07-12','109.109.109-10',214),('2005-06-29','2005-07-25','567.567.567-56',41),('2005-07-08','2005-07-18','109.109.109-10',213),('2005-07-18','2005-07-23','890.890.890-89',182),('2005-07-23','2005-07-28','567.567.567-56',22),('2005-09-02','2005-09-07','122.535.678-19',229),('2005-09-03','2005-09-12','777.777.777-77',193),('2005-09-08','2005-09-26','154.276.143-87',30),('2005-09-12','2005-09-24','876.876.876-87',199),('2005-09-18','2005-09-20','567.567.567-56',203),('2005-09-25','2005-10-13','154.276.143-87',123),('2005-10-05','2005-10-31','234.234.234-23',59),('2005-10-10','2005-10-22','890.890.890-89',218),('2005-10-15','2005-10-18','012.012.012-01',80),('2005-10-15','2005-10-31','345.345.345-34',175),('2005-10-16','2005-10-27','678.678.678-67',109),('2005-10-26','2005-11-15','654.654.654-65',105),('2005-10-30','2005-11-17','210.210.210-21',220),('2005-11-05','2005-11-15','234.234.234-23',220),('2005-11-14','2005-11-16','890.890.890-89',91),('2005-11-16','2005-12-15','432.432.432-43',7),('2005-11-23','2005-12-11','777.777.777-77',34),('2005-12-03','2005-12-12','999.999.999-99',43),('2005-12-05','2005-12-28','109.109.109-10',169),('2005-12-21','2006-01-01','154.276.143-87',39),('2005-12-24','2006-01-11','432.432.432-43',165),('2006-01-01','2006-01-24','234.234.234-23',211),('2006-01-06','2006-01-18','890.890.890-89',34),('2006-01-31','2006-02-03','234.234.234-23',56),('2006-02-09','2006-02-21','210.210.210-21',55),('2006-02-10','2006-02-23','777.777.777-77',101),('2006-03-10','2006-03-14','456.456.456-45',56),('2006-04-26','2006-04-28','210.210.210-21',206),('2006-04-27','2006-05-21','122.535.678-19',215),('2006-05-04','2006-05-12','567.567.567-56',232),('2006-05-19','2006-06-05','154.276.143-87',230),('2006-05-20','2006-06-11','901.901.901-90',140),('2006-06-07','2006-06-28','777.777.777-77',53),('2006-06-16','2006-06-18','154.276.143-87',227),('2006-06-24','2006-06-28','210.210.210-21',181),('2006-06-24','2006-07-05','901.901.901-90',209),('2006-07-01','2006-07-10','098.098.098-09',126),('2006-07-03','2006-07-04','876.876.876-87',173),('2006-07-07','2006-07-17','456.456.456-45',165),('2006-07-09','2006-07-10','000.000.000-00',142),('2006-07-15','2006-08-07','666.666.666-66',95),('2006-07-26','2006-07-28','890.890.890-89',166),('2006-07-30','2006-08-26','765.765.765-76',92),('2006-08-04','2006-08-31','543.543.543-54',130),('2006-08-26','2006-09-02','345.345.345-34',82),('2006-08-29','2006-09-02','543.543.543-54',158),('2006-09-02','2006-09-11','888.888.888-88',71),('2006-09-13','2006-10-04','122.535.678-19',191),('2006-09-26','2006-10-09','777.777.777-77',174),('2006-09-27','2006-10-26','999.999.999-99',177),('2006-09-29','2006-10-24','321.321.321-32',105),('2006-09-30','2006-10-01','345.345.345-34',164),('2006-10-15','2006-11-02','234.234.234-23',62),('2006-10-18','2006-11-02','456.456.456-45',85),('2006-10-25','2006-11-12','012.012.012-01',5),('2006-11-01','2006-11-12','876.876.876-87',200),('2006-11-04','2006-11-21','123.123.123-12',35),('2006-11-17','2006-12-06','777.777.777-77',200),('2006-11-23','2006-11-27','321.321.321-32',29),('2006-12-23','2007-01-18','012.012.012-01',157),('2007-01-08','2007-02-02','777.777.777-77',78),('2007-01-12','2007-01-22','109.109.109-10',45),('2007-01-22','2007-02-13','456.456.456-45',137),('2007-02-07','2007-03-08','567.567.567-56',19),('2007-02-07','2007-02-25','888.888.888-88',223),('2007-03-05','2007-03-29','567.567.567-56',28),('2007-03-14','2007-03-19','122.535.678-19',198),('2007-05-02','2007-05-13','901.901.901-90',44),('2007-05-04','2007-05-13','765.765.765-76',171),('2007-05-10','2007-06-07','678.678.678-67',151),('2007-05-11','2007-05-20','543.543.543-54',38),('2007-05-13','2007-05-29','154.276.143-87',175),('2007-07-05','2007-07-18','012.012.012-01',78),('2007-07-05','2007-08-03','210.210.210-21',104),('2007-07-21','2007-08-15','876.876.876-87',161),('2007-07-22','2007-07-27','123.123.123-12',231),('2007-07-23','2007-08-12','890.890.890-89',32),('2007-07-29','2007-08-15','777.777.777-77',179),('2007-08-16','2007-08-17','109.109.109-10',103),('2007-08-24','2007-08-29','210.210.210-21',110),('2007-08-26','2007-09-06','901.901.901-90',29),('2007-08-26','2007-08-28','901.901.901-90',48),('2007-08-30','2007-09-20','456.456.456-45',116),('2007-09-13','2007-09-24','122.535.678-19',11),('2007-09-17','2007-09-24','210.210.210-21',156),('2007-10-03','2007-10-22','666.666.666-66',165),('2007-10-09','2007-11-05','098.098.098-09',2),('2007-10-18','2007-11-07','890.890.890-89',69),('2007-10-26','2007-11-15','000.000.000-00',161),('2007-11-10','2007-11-29','000.000.000-00',76),('2007-11-21','2007-12-08','000.000.000-00',36),('2007-12-02','2007-12-10','012.012.012-01',205),('2007-12-14','2007-12-20','012.012.012-01',132),('2007-12-14','2007-12-16','890.890.890-89',103),('2007-12-15','2008-01-01','765.765.765-76',71),('2008-01-02','2008-01-30','678.678.678-67',35),('2008-01-05','2008-01-07','654.654.654-65',65),('2008-01-05','2008-01-24','765.765.765-76',18),('2008-01-12','2008-01-31','543.543.543-54',157),('2008-01-19','2008-02-05','098.098.098-09',104),('2008-02-04','2008-02-21','456.456.456-45',26),('2008-02-11','2008-02-13','901.901.901-90',211),('2008-02-27','2008-03-19','876.876.876-87',171),('2008-03-08','2008-04-03','888.888.888-88',192),('2008-03-09','2008-03-24','321.321.321-32',199),('2008-03-11','2008-04-03','888.888.888-88',125),('2008-03-20','2008-04-13','888.888.888-88',213),('2008-03-21','2008-03-27','000.000.000-00',100),('2008-03-21','2008-04-19','888.888.888-88',154),('2008-04-04','2008-04-12','154.276.143-87',66),('2008-04-12','2008-05-11','154.276.143-87',172),('2008-04-22','2008-04-28','543.543.543-54',149),('2008-05-13','2008-05-22','123.123.123-12',2),('2008-06-01','2008-06-13','109.109.109-10',196),('2008-06-03','2008-06-12','678.678.678-67',18),('2008-06-14','2008-06-15','432.432.432-43',134),('2008-06-22','2008-07-21','210.210.210-21',175),('2008-07-06','2008-07-10','000.000.000-00',34),('2008-07-25','2008-08-03','777.777.777-77',191),('2008-07-31','2008-08-16','012.012.012-01',49),('2008-08-08','2008-09-01','666.666.666-66',107),('2008-08-17','2008-09-14','543.543.543-54',21),('2008-08-25','2008-08-29','666.666.666-66',191),('2008-08-26','2008-08-28','567.567.567-56',223),('2008-09-04','2008-09-27','098.098.098-09',227),('2008-09-27','2008-09-30','234.234.234-23',19),('2008-10-03','2008-10-28','678.678.678-67',171),('2008-10-05','2008-10-21','098.098.098-09',110),('2008-11-06','2008-11-20','777.777.777-77',175),('2008-11-06','2008-11-19','999.999.999-99',207),('2008-11-07','2008-12-06','012.012.012-01',11),('2008-11-20','2008-12-18','154.276.143-87',221),('2008-11-23','2008-12-02','000.000.000-00',171),('2008-11-23','2008-12-22','876.876.876-87',59),('2008-12-05','2008-12-24','321.321.321-32',178),('2008-12-09','2008-12-31','012.012.012-01',115),('2008-12-11','2008-12-27','456.456.456-45',229),('2008-12-22','2008-12-26','777.777.777-77',212),('2008-12-23','2009-01-21','432.432.432-43',217),('2009-01-25','2009-02-08','109.109.109-10',5),('2009-01-29','2009-02-27','123.123.123-12',213),('2009-02-04','2009-02-28','567.567.567-56',24),('2009-02-12','2009-03-03','567.567.567-56',227),('2009-02-23','2009-03-11','890.890.890-89',103),('2009-03-03','2009-03-23','109.109.109-10',102),('2009-03-04','2009-03-27','567.567.567-56',135),('2009-03-26','2009-04-12','999.999.999-99',49),('2009-04-12','2009-04-14','765.765.765-76',68),('2009-04-15','2009-05-06','543.543.543-54',132),('2009-04-22','2009-05-11','654.654.654-65',127),('2009-05-13','2009-06-03','765.765.765-76',1),('2009-05-14','2009-05-15','210.210.210-21',79),('2009-05-30','2009-06-26','000.000.000-00',114),('2009-06-18','2009-06-28','666.666.666-66',104),('2009-06-19','2009-07-15','321.321.321-32',164),('2009-06-20','2009-07-02','123.123.123-12',123),('2009-06-23','2009-07-18','123.123.123-12',103),('2009-06-27','2009-07-07','999.999.999-99',13),('2009-06-30','2009-07-05','777.777.777-77',204),('2009-07-17','2009-07-28','890.890.890-89',34),('2009-07-22','2009-08-20','888.888.888-88',87),('2009-08-01','2009-08-13','901.901.901-90',152),('2009-08-24','2009-09-16','098.098.098-09',117),('2009-08-24','2009-09-09','321.321.321-32',59),('2009-08-28','2009-09-19','876.876.876-87',56),('2009-09-02','2009-09-29','777.777.777-77',72),('2009-09-16','2009-09-18','666.666.666-66',71),('2009-10-03','2009-10-09','210.210.210-21',62),('2009-10-04','2009-10-07','654.654.654-65',171),('2009-10-15','2009-10-28','567.567.567-56',136),('2009-10-19','2009-11-07','210.210.210-21',122),('2009-10-25','2009-11-18','012.012.012-01',168),('2009-10-27','2009-11-07','765.765.765-76',133),('2009-11-21','2009-12-11','210.210.210-21',167),('2009-11-24','2009-12-06','234.234.234-23',110),('2009-11-25','2009-12-11','876.876.876-87',208),('2009-11-29','2009-12-26','109.109.109-10',111),('2009-12-04','2009-12-12','999.999.999-99',201),('2009-12-06','2009-12-08','456.456.456-45',33),('2009-12-11','2009-12-21','154.276.143-87',39),('2009-12-14','2010-01-06','432.432.432-43',180),('2009-12-21','2010-01-09','234.234.234-23',89),('2009-12-26','2010-01-03','012.012.012-01',201),('2010-01-06','2010-01-11','154.276.143-87',25),('2010-01-16','2010-02-09','678.678.678-67',148),('2010-02-04','2010-02-10','777.777.777-77',168),('2010-02-04','2010-02-11','901.901.901-90',59),('2010-02-08','2010-02-09','098.098.098-09',164),('2010-02-19','2010-02-21','567.567.567-56',39),('2010-02-20','2010-03-12','210.210.210-21',179),('2010-02-24','2010-03-10','678.678.678-67',188),('2010-02-26','2010-03-12','098.098.098-09',50),('2010-03-15','2010-03-24','234.234.234-23',70),('2010-03-29','2010-03-30','765.765.765-76',26),('2010-04-05','2010-04-07','567.567.567-56',212),('2010-04-10','2010-05-09','098.098.098-09',72),('2010-04-21','2010-05-10','098.098.098-09',143),('2010-05-02','2010-05-26','345.345.345-34',228),('2010-05-12','2010-06-08','210.210.210-21',113),('2010-05-17','2010-06-08','901.901.901-90',49),('2010-05-25','2010-06-01','154.276.143-87',73),('2010-06-03','2010-06-27','321.321.321-32',149),('2010-06-23','2010-07-21','765.765.765-76',104),('2010-07-03','2010-07-25','123.123.123-12',179),('2010-07-04','2010-07-12','321.321.321-32',161),('2010-08-08','2010-08-26','999.999.999-99',178),('2010-08-10','2010-08-13','234.234.234-23',62),('2010-08-14','2010-08-20','012.012.012-01',211),('2010-08-15','2010-09-08','210.210.210-21',222),('2010-08-22','2010-09-09','765.765.765-76',177),('2010-09-04','2010-09-06','456.456.456-45',178),('2010-09-18','2010-10-17','999.999.999-99',57),('2010-09-24','2010-09-29','654.654.654-65',77),('2010-09-28','2010-10-13','210.210.210-21',124),('2010-09-29','2010-10-01','567.567.567-56',51),('2010-10-02','2010-10-16','876.876.876-87',42),('2010-10-14','2010-10-28','888.888.888-88',115),('2010-11-02','2010-11-25','543.543.543-54',141),('2010-11-19','2010-12-04','210.210.210-21',217),('2010-11-25','2010-12-16','654.654.654-65',180),('2010-11-29','2010-12-08','012.012.012-01',128),('2010-12-03','2010-12-13','012.012.012-01',76),('2010-12-03','2010-12-07','654.654.654-65',146),('2010-12-04','2010-12-21','999.999.999-99',35),('2010-12-19','2010-12-21','345.345.345-34',24),('2010-12-30','2011-01-26','567.567.567-56',196),('2011-01-12','2011-01-25','543.543.543-54',75),('2011-01-19','2011-02-08','321.321.321-32',127),('2011-02-23','2011-03-04','000.000.000-00',151),('2011-02-28','2011-03-22','000.000.000-00',141),('2011-03-02','2011-03-21','777.777.777-77',148),('2011-03-16','2011-04-09','123.123.123-12',72),('2011-03-26','2011-04-18','901.901.901-90',178),('2011-04-01','2011-04-24','567.567.567-56',196),('2011-04-05','2011-04-22','777.777.777-77',57),('2011-04-08','2011-04-10','678.678.678-67',197),('2011-04-13','2011-04-29','999.999.999-99',124),('2011-04-20','2011-04-29','654.654.654-65',159),('2011-05-01','2011-05-21','567.567.567-56',71),('2011-05-03','2011-06-01','456.456.456-45',213),('2011-05-09','2011-06-05','012.012.012-01',211),('2011-05-21','2011-05-28','765.765.765-76',38),('2011-05-22','2011-05-26','777.777.777-77',218),('2011-06-18','2011-06-19','000.000.000-00',175),('2011-07-22','2011-08-15','123.123.123-12',47),('2011-07-23','2011-08-16','999.999.999-99',183),('2011-07-28','2011-07-31','000.000.000-00',20),('2011-07-31','2011-08-10','678.678.678-67',96),('2011-08-25','2011-09-10','888.888.888-88',74),('2011-09-08','2011-10-01','654.654.654-65',76),('2011-09-09','2011-09-24','901.901.901-90',201),('2011-09-14','2011-09-22','777.777.777-77',86),('2011-09-16','2011-09-27','901.901.901-90',41),('2011-09-20','2011-10-07','890.890.890-89',84),('2011-09-24','2011-09-27','654.654.654-65',215),('2011-09-26','2011-10-12','654.654.654-65',121),('2011-10-07','2011-10-13','888.888.888-88',110),('2011-10-11','2011-10-22','567.567.567-56',227),('2011-11-04','2011-11-23','890.890.890-89',93),('2011-11-14','2011-11-25','234.234.234-23',201),('2011-11-17','2011-11-24','000.000.000-00',203),('2011-11-26','2011-12-02','678.678.678-67',187),('2012-01-10','2012-01-24','567.567.567-56',203),('2012-01-13','2012-02-08','456.456.456-45',127),('2012-01-25','2012-02-10','901.901.901-90',37),('2012-01-26','2012-02-21','210.210.210-21',148),('2012-02-19','2012-02-24','122.535.678-19',157),('2012-02-19','2012-03-08','876.876.876-87',139),('2012-02-23','2012-03-22','109.109.109-10',79),('2012-02-23','2012-03-06','122.535.678-19',188),('2012-02-29','2012-03-08','210.210.210-21',143),('2012-03-06','2012-03-07','876.876.876-87',153),('2012-03-11','2012-03-12','678.678.678-67',33),('2012-03-25','2012-04-19','876.876.876-87',54),('2012-04-24','2012-05-13','154.276.143-87',28),('2012-05-03','2012-05-04','999.999.999-99',149),('2012-05-07','2012-05-22','234.234.234-23',125),('2012-05-12','2012-05-15','345.345.345-34',157),('2012-05-16','2012-06-14','122.535.678-19',218),('2012-06-02','2012-06-30','012.012.012-01',119),('2012-06-02','2012-06-28','098.098.098-09',96),('2012-06-12','2012-06-21','999.999.999-99',90),('2012-06-18','2012-07-09','888.888.888-88',127),('2012-06-28','2012-07-15','666.666.666-66',190),('2012-07-11','2012-07-29','122.535.678-19',194),('2012-07-23','2012-08-19','901.901.901-90',56),('2012-07-27','2012-08-11','567.567.567-56',224),('2012-07-31','2012-08-23','012.012.012-01',88),('2012-08-01','2012-08-20','901.901.901-90',94),('2012-08-05','2012-08-31','876.876.876-87',99),('2012-08-14','2012-08-28','765.765.765-76',182),('2012-08-30','2012-09-20','122.535.678-19',28),('2012-08-31','2012-09-23','876.876.876-87',231),('2012-09-01','2012-09-21','666.666.666-66',191),('2012-09-04','2012-09-16','765.765.765-76',46),('2012-09-22','2012-10-02','567.567.567-56',149),('2012-09-24','2012-09-30','765.765.765-76',115),('2012-09-25','2012-10-13','654.654.654-65',162),('2012-09-25','2012-09-30','888.888.888-88',137),('2012-10-04','2012-10-20','098.098.098-09',99),('2012-10-06','2012-10-18','234.234.234-23',32),('2012-10-22','2012-11-14','901.901.901-90',127),('2012-10-24','2012-11-17','777.777.777-77',213),('2012-11-02','2012-11-13','666.666.666-66',142),('2012-11-02','2012-11-13','888.888.888-88',212),('2012-11-11','2012-12-02','234.234.234-23',186),('2012-11-12','2012-11-16','345.345.345-34',41),('2012-11-28','2012-12-24','876.876.876-87',168),('2012-12-05','2013-01-01','321.321.321-32',47),('2012-12-08','2012-12-29','210.210.210-21',180),('2012-12-12','2012-12-14','000.000.000-00',118),('2012-12-12','2012-12-13','876.876.876-87',228),('2012-12-16','2013-01-08','000.000.000-00',19),('2012-12-22','2013-01-14','154.276.143-87',210),('2012-12-23','2012-12-31','654.654.654-65',223),('2012-12-24','2012-12-25','000.000.000-00',190),('2013-01-15','2013-01-30','543.543.543-54',96),('2013-01-22','2013-01-24','432.432.432-43',21),('2013-01-28','2013-02-06','012.012.012-01',154),('2013-02-01','2013-02-08','123.123.123-12',18),('2013-02-02','2013-02-13','666.666.666-66',146),('2013-03-01','2013-03-26','109.109.109-10',227),('2013-03-07','2013-04-04','234.234.234-23',49),('2013-03-13','2013-04-07','432.432.432-43',200),('2013-03-24','2013-03-31','123.123.123-12',39),('2013-04-14','2013-04-22','012.012.012-01',28),('2013-04-20','2013-04-21','321.321.321-32',214),('2013-04-27','2013-05-21','098.098.098-09',67),('2013-04-28','2013-05-15','210.210.210-21',177),('2013-06-11','2013-06-26','543.543.543-54',109),('2013-06-18','2013-07-01','345.345.345-34',58),('2013-07-09','2013-07-22','210.210.210-21',33),('2013-07-11','2013-07-20','345.345.345-34',209),('2013-07-15','2013-07-28','901.901.901-90',222),('2013-07-20','2013-07-21','567.567.567-56',149),('2013-07-31','2013-08-04','666.666.666-66',214),('2013-09-03','2013-09-05','234.234.234-23',62),('2013-09-28','2013-10-22','890.890.890-89',149),('2013-10-01','2013-10-10','654.654.654-65',212),('2013-10-05','2013-10-14','890.890.890-89',112),('2013-10-12','2013-10-15','345.345.345-34',223),('2013-10-26','2013-11-06','000.000.000-00',111),('2013-11-05','2013-11-10','543.543.543-54',42),('2013-11-07','2013-12-01','890.890.890-89',4),('2013-11-19','2013-11-28','876.876.876-87',145),('2013-11-20','2013-12-10','123.123.123-12',2),('2013-11-25','2013-12-18','456.456.456-45',55),('2013-12-03','2013-12-21','765.765.765-76',145),('2013-12-04','2013-12-11','888.888.888-88',147),('2013-12-13','2014-01-02','777.777.777-77',118),('2013-12-14','2014-01-06','122.535.678-19',219),('2013-12-16','2014-01-02','122.535.678-19',101),('2013-12-19','2013-12-29','432.432.432-43',62),('2013-12-23','2013-12-24','654.654.654-65',207),('2013-12-24','2013-12-31','432.432.432-43',32),('2013-12-25','2014-01-15','456.456.456-45',125),('2013-12-26','2014-01-12','123.123.123-12',4),('2013-12-26','2014-01-21','777.777.777-77',154),('2013-12-30','2014-01-27','666.666.666-66',182),('2014-01-08','2014-01-24','888.888.888-88',59),('2014-01-23','2014-02-14','210.210.210-21',10),('2014-01-25','2014-01-31','678.678.678-67',153),('2014-01-27','2014-02-25','678.678.678-67',20),('2014-01-28','2014-02-24','777.777.777-77',80),('2014-01-31','2014-02-05','345.345.345-34',154),('2014-02-07','2014-02-28','210.210.210-21',204),('2014-02-21','2014-02-24','154.276.143-87',97),('2014-03-03','2014-03-20','234.234.234-23',132),('2014-03-07','2014-03-29','999.999.999-99',209),('2014-03-11','2014-03-24','888.888.888-88',218),('2014-03-14','2014-03-20','567.567.567-56',26),('2014-03-26','2014-04-10','888.888.888-88',110),('2014-03-27','2014-04-04','876.876.876-87',178),('2014-04-02','2014-04-08','122.535.678-19',232),('2014-04-02','2014-04-08','765.765.765-76',206),('2014-04-17','2014-05-11','654.654.654-65',154),('2014-04-24','2014-04-26','122.535.678-19',46),('2014-05-05','2014-05-27','432.432.432-43',121),('2014-05-18','2014-06-09','666.666.666-66',225),('2014-05-19','2014-06-06','123.123.123-12',183),('2014-05-20','2014-06-01','109.109.109-10',201),('2014-05-23','2014-06-11','901.901.901-90',120),('2014-05-29','2014-06-10','543.543.543-54',195),('2014-06-07','2014-06-29','765.765.765-76',107),('2014-06-28','2014-07-01','456.456.456-45',96),('2014-07-03','2014-07-18','432.432.432-43',105),('2014-07-06','2014-07-10','432.432.432-43',220),('2014-07-07','2014-07-11','678.678.678-67',227),('2014-07-08','2014-07-21','123.123.123-12',7),('2014-07-10','2014-07-19','890.890.890-89',128),('2014-07-20','2014-07-21','567.567.567-56',136),('2014-07-23','2014-08-08','456.456.456-45',72),('2014-07-30','2014-08-17','098.098.098-09',204),('2014-08-04','2014-08-22','123.123.123-12',122),('2014-08-09','2014-08-12','456.456.456-45',109),('2014-08-09','2014-08-19','666.666.666-66',90),('2014-08-20','2014-08-26','456.456.456-45',92),('2014-08-28','2014-09-12','154.276.143-87',107),('2014-09-01','2014-09-04','888.888.888-88',15),('2014-09-06','2014-09-19','432.432.432-43',57),('2014-10-16','2014-10-30','666.666.666-66',75),('2014-10-25','2014-11-22','123.123.123-12',35),('2014-11-02','2014-11-09','345.345.345-34',203),('2014-11-08','2014-11-30','765.765.765-76',148),('2014-12-06','2014-12-14','567.567.567-56',163),('2014-12-11','2014-12-16','321.321.321-32',68),('2014-12-14','2014-12-19','321.321.321-32',218),('2014-12-15','2015-01-11','567.567.567-56',215),('2014-12-20','2015-01-04','109.109.109-10',159),('2014-12-23','2014-12-29','678.678.678-67',209),('2014-12-23','2014-12-25','765.765.765-76',91),('2014-12-25','2015-01-03','123.123.123-12',166),('2015-01-29','2015-02-08','123.123.123-12',73),('2015-02-15','2015-03-04','345.345.345-34',62),('2015-02-23','2015-02-27','321.321.321-32',80),('2015-02-28','2015-03-15','876.876.876-87',188),('2015-03-10','2015-04-05','456.456.456-45',74),('2015-04-12','2015-04-21','456.456.456-45',134),('2015-04-13','2015-05-03','567.567.567-56',57),('2015-05-09','2015-05-16','234.234.234-23',106),('2015-05-09','2015-05-31','678.678.678-67',59),('2015-05-14','2015-06-04','654.654.654-65',227),('2015-05-28','2015-06-01','210.210.210-21',68),('2015-05-29','2015-06-18','345.345.345-34',184),('2015-05-30','2015-06-20','000.000.000-00',215),('2015-06-08','2015-06-10','765.765.765-76',210),('2015-06-25','2015-06-26','122.535.678-19',72),('2015-06-30','2015-07-21','456.456.456-45',53),('2015-07-03','2015-07-11','666.666.666-66',18),('2015-07-07','2015-07-16','321.321.321-32',229),('2015-07-11','2015-07-28','456.456.456-45',109),('2015-07-18','2015-08-16','888.888.888-88',109),('2015-08-01','2015-08-23','876.876.876-87',60),('2015-08-16','2015-08-17','678.678.678-67',130),('2015-08-30','2015-09-07','890.890.890-89',92),('2015-09-04','2015-09-07','456.456.456-45',137),('2015-09-14','2015-10-12','654.654.654-65',114),('2015-10-09','2015-10-17','456.456.456-45',106),('2015-10-12','2015-10-20','154.276.143-87',76),('2015-10-15','2015-10-25','109.109.109-10',225),('2015-10-17','2015-10-26','901.901.901-90',231),('2015-10-27','2015-11-04','765.765.765-76',140),('2015-11-27','2015-12-22','345.345.345-34',87),('2015-12-05','2015-12-09','000.000.000-00',178),('2015-12-16','2015-12-30','000.000.000-00',141),('2016-01-16','2016-01-19','234.234.234-23',185),('2016-01-20','2016-01-31','777.777.777-77',68),('2016-01-28','2016-02-15','345.345.345-34',6),('2016-02-01','2016-02-17','122.535.678-19',86),('2016-02-17','2016-03-07','543.543.543-54',22),('2016-02-25','2016-03-13','654.654.654-65',64),('2016-02-29','2016-03-06','765.765.765-76',35),('2016-03-28','2016-04-07','456.456.456-45',230),('2016-04-02','2016-04-03','154.276.143-87',185),('2016-05-15','2016-05-27','765.765.765-76',77),('2016-05-27','2016-06-21','012.012.012-01',102),('2016-05-27','2016-06-14','210.210.210-21',67),('2016-06-04','2016-06-21','098.098.098-09',192),('2016-06-15','2016-06-25','345.345.345-34',31),('2016-06-22','2016-07-20','321.321.321-32',124),('2016-07-02','2016-07-28','888.888.888-88',183),('2016-07-03','2016-07-23','876.876.876-87',195),('2016-07-15','2016-08-08','123.123.123-12',163),('2016-07-17','2016-07-29','765.765.765-76',54),('2016-07-24','2016-08-22','210.210.210-21',104),('2016-07-27','2016-08-21','890.890.890-89',68),('2016-07-31','2016-08-24','567.567.567-56',29),('2016-08-03','2016-08-07','543.543.543-54',165),('2016-08-11','2016-09-01','234.234.234-23',186),('2016-08-13','2016-08-22','432.432.432-43',54),('2016-08-21','2016-09-17','012.012.012-01',161),('2016-08-25','2016-09-12','456.456.456-45',157),('2016-08-31','2016-09-29','000.000.000-00',102),('2016-09-27','2016-10-26','012.012.012-01',198),('2016-10-17','2016-10-25','012.012.012-01',36),('2016-10-23','2016-11-08','098.098.098-09',201),('2016-10-24','2016-10-30','154.276.143-87',68),('2016-11-04','2016-11-26','154.276.143-87',46),('2016-11-06','2016-11-27','543.543.543-54',185),('2016-11-07','2016-11-27','123.123.123-12',61),('2016-11-09','2016-11-10','567.567.567-56',134),('2016-11-13','2016-11-23','901.901.901-90',5),('2016-11-25','2016-12-14','098.098.098-09',47),('2016-11-25','2016-12-03','567.567.567-56',157),('2016-12-12','2016-12-31','000.000.000-00',89),('2016-12-15','2016-12-20','234.234.234-23',4),('2016-12-28','2017-01-23','567.567.567-56',221),('2017-01-07','2017-02-03','012.012.012-01',168),('2017-01-11','2017-02-08','888.888.888-88',59),('2017-01-21','2017-02-10','876.876.876-87',168),('2017-02-17','2017-03-12','123.123.123-12',141),('2017-02-17','2017-02-24','901.901.901-90',47),('2017-02-26','2017-03-14','666.666.666-66',99),('2017-03-20','2017-04-16','765.765.765-76',51),('2017-04-07','2017-05-03','456.456.456-45',47),('2017-04-08','2017-04-28','888.888.888-88',229),('2017-04-17','2017-05-07','234.234.234-23',8),('2017-05-11','2017-05-30','122.535.678-19',6),('2017-05-13','2017-05-17','666.666.666-66',1),('2017-05-23','2017-06-04','210.210.210-21',139),('2017-05-25','2017-06-08','210.210.210-21',228),('2017-05-27','2017-06-23','890.890.890-89',170),('2017-06-01','2017-06-29','654.654.654-65',19),('2017-06-04','2017-06-12','109.109.109-10',51),('2017-06-04','2017-07-02','901.901.901-90',160),('2017-06-10','2017-06-16','109.109.109-10',96),('2017-06-24','2017-07-08','456.456.456-45',157),('2017-07-11','2017-08-02','901.901.901-90',128),('2017-07-12','2017-07-14','777.777.777-77',86),('2017-07-18','2017-07-29','456.456.456-45',133),('2017-08-09','2017-08-17','567.567.567-56',185),('2017-08-26','2017-09-21','012.012.012-01',86),('2017-08-26','2017-09-19','432.432.432-43',78),('2017-09-03','2017-09-18','666.666.666-66',191),('2017-09-15','2017-10-11','154.276.143-87',70),('2017-09-18','2017-10-10','210.210.210-21',222),('2017-09-30','2017-10-21','678.678.678-67',224),('2017-10-17','2017-11-05','999.999.999-99',120),('2017-10-26','2017-11-02','154.276.143-87',112),('2017-10-31','2017-11-14','109.109.109-10',57),('2017-10-31','2017-11-25','876.876.876-87',225),('2017-11-09','2017-11-24','890.890.890-89',215),('2017-11-12','2017-12-03','765.765.765-76',185),('2017-11-17','2017-12-09','012.012.012-01',143),('2017-11-17','2017-11-28','765.765.765-76',16),('2017-11-27','2017-12-17','876.876.876-87',116),('2017-11-28','2017-12-03','456.456.456-45',11),('2017-12-05','2017-12-10','543.543.543-54',156),('2017-12-06','2017-12-29','122.535.678-19',4),('2017-12-19','2018-01-12','098.098.098-09',129),('2018-01-16','2018-02-14','777.777.777-77',13),('2018-02-15','2018-02-26','432.432.432-43',89),('2018-02-18','2018-03-13','456.456.456-45',192),('2018-03-05','2018-03-07','154.276.143-87',31),('2018-03-09','2018-03-20','567.567.567-56',228),('2018-03-14','2018-04-01','765.765.765-76',47),('2018-03-18','2018-03-27','109.109.109-10',80),('2018-03-26','2018-04-19','122.535.678-19',180),('2018-04-27','2018-05-01','210.210.210-21',73),('2018-05-17','2018-06-15','000.000.000-00',151),('2018-05-31','2018-06-02','999.999.999-99',232),('2018-06-03','2018-06-27','098.098.098-09',29),('2018-06-07','2018-06-12','678.678.678-67',63),('2018-06-17','2018-07-10','123.123.123-12',16),('2018-06-22','2018-07-10','345.345.345-34',175),('2018-06-24','2018-07-11','999.999.999-99',121),('2018-06-28','2018-07-21','210.210.210-21',121),('2018-07-01','2018-07-18','012.012.012-01',205),('2018-07-06','2018-07-12','543.543.543-54',96),('2018-08-12','2018-08-23','210.210.210-21',50),('2018-08-13','2018-08-25','345.345.345-34',118),('2018-08-22','2018-08-25','321.321.321-32',116),('2018-08-30','2018-09-05','666.666.666-66',29),('2018-09-10','2018-10-04','122.535.678-19',125),('2018-09-18','2018-09-24','210.210.210-21',52),('2018-10-01','2018-10-27','666.666.666-66',61),('2018-10-03','2018-10-20','154.276.143-87',37),('2018-10-03','2018-10-28','678.678.678-67',45),('2018-10-04','2018-10-27','901.901.901-90',82),('2018-10-19','2018-11-07','456.456.456-45',173),('2018-10-24','2018-11-11','901.901.901-90',72),('2018-11-03','2018-12-02','666.666.666-66',189),('2018-11-18','2018-12-15','654.654.654-65',202),('2018-11-18','2018-11-28','876.876.876-87',163),('2018-11-30','2018-12-10','999.999.999-99',159),('2018-12-01','2018-12-04','109.109.109-10',195),('2018-12-02','2018-12-03','543.543.543-54',122),('2018-12-11','2018-12-21','654.654.654-65',2),('2018-12-18','2018-12-28','210.210.210-21',74),('2018-12-21','2018-12-30','654.654.654-65',43),('2018-12-24','2019-01-07','456.456.456-45',212),('2018-12-28','2019-01-20','234.234.234-23',202),('2019-02-02','2019-02-10','567.567.567-56',96),('2019-02-07','2019-02-22','765.765.765-76',122),('2019-02-11','2019-02-26','654.654.654-65',202),('2019-02-11','2019-02-12','901.901.901-90',37),('2019-02-16','2019-02-19','901.901.901-90',48),('2019-03-02','2019-03-14','567.567.567-56',35),('2019-03-03','2019-04-01','890.890.890-89',172),('2019-03-06','2019-03-22','876.876.876-87',107),('2019-03-07','2019-03-28','345.345.345-34',79),('2019-03-24','2019-04-14','890.890.890-89',31),('2019-03-28','2019-04-02','122.535.678-19',174),('2019-04-16','2019-05-01','234.234.234-23',44),('2019-04-22','2019-04-27','000.000.000-00',205),('2019-05-02','2019-05-28','000.000.000-00',148),('2019-05-08','2019-05-13','123.123.123-12',156),('2019-05-20','2019-06-08','678.678.678-67',223),('2019-06-10','2019-06-24','345.345.345-34',97),('2019-06-20','2019-06-27','543.543.543-54',120),('2019-06-29','2019-07-13','210.210.210-21',136),('2019-07-03','2019-07-27','666.666.666-66',161),('2019-07-17','2019-07-28','210.210.210-21',202),('2019-07-20','2019-08-13','210.210.210-21',4),('2019-07-23','2019-08-09','888.888.888-88',232),('2019-07-30','2019-08-23','876.876.876-87',115),('2019-08-12','2019-08-13','000.000.000-00',167),('2019-08-28','2019-09-18','000.000.000-00',223),('2019-09-12','2019-09-14','234.234.234-23',100),('2019-09-28','2019-10-15','345.345.345-34',167),('2019-09-29','2019-10-05','765.765.765-76',37),('2019-10-14','2019-11-10','012.012.012-01',18),('2019-10-14','2019-11-02','999.999.999-99',46),('2019-10-15','2019-10-17','999.999.999-99',116),('2019-10-19','2019-11-16','567.567.567-56',34),('2019-10-22','2019-11-06','122.535.678-19',118),('2019-10-28','2019-11-23','666.666.666-66',124),('2019-12-04','2019-12-14','543.543.543-54',37),('2019-12-05','2019-12-17','543.543.543-54',141),('2019-12-08','2019-12-29','777.777.777-77',148),('2019-12-08','2019-12-14','901.901.901-90',35),('2019-12-19','2020-01-12','012.012.012-01',117),('2019-12-21','2020-01-04','777.777.777-77',153),('2019-12-23','2020-01-20','678.678.678-67',30),('2019-12-31','2020-01-20','109.109.109-10',31),('2020-01-05','2020-01-10','012.012.012-01',194),('2020-01-08','2020-01-09','321.321.321-32',90),('2020-01-16','2020-02-09','154.276.143-87',176),('2020-01-16','2020-02-09','890.890.890-89',95),('2020-01-28','2020-02-03','543.543.543-54',91),('2020-02-02','2020-02-27','654.654.654-65',180),('2020-02-03','2020-02-22','678.678.678-67',196),('2020-02-16','2020-03-11','876.876.876-87',180),('2020-02-22','2020-03-13','123.123.123-12',103),('2020-02-22','2020-03-01','210.210.210-21',17),('2020-03-04','2020-03-13','901.901.901-90',115),('2020-03-15','2020-04-07','154.276.143-87',82),('2020-03-18','2020-03-28','234.234.234-23',160),('2020-03-26','2020-04-21','999.999.999-99',95),('2020-04-03','2020-04-28','000.000.000-00',107),('2020-04-10','2020-04-22','345.345.345-34',55),('2020-04-19','2020-05-07','109.109.109-10',99),('2020-04-19','2020-04-29','122.535.678-19',208),('2020-06-01','2020-06-21','654.654.654-65',65),('2020-06-01','2020-06-29','890.890.890-89',23),('2020-06-08','2020-06-22','567.567.567-56',99),('2020-06-10','2020-07-08','876.876.876-87',88),('2020-06-14','2020-07-01','456.456.456-45',232),('2020-06-26','2020-06-27','000.000.000-00',65),('2020-06-27','2020-07-08','890.890.890-89',203),('2020-07-04','2020-07-30','098.098.098-09',94),('2020-07-04','2020-07-16','890.890.890-89',42),('2020-07-14','2020-08-04','234.234.234-23',33),('2020-07-24','2020-08-06','154.276.143-87',228),('2020-08-14','2020-08-28','777.777.777-77',50),('2020-08-16','2020-08-26','098.098.098-09',173),('2020-08-25','2020-09-11','543.543.543-54',215),('2020-10-01','2020-10-05','543.543.543-54',168),('2020-10-12','2020-11-04','154.276.143-87',11),('2020-10-20','2020-11-13','012.012.012-01',3),('2020-10-23','2020-11-20','666.666.666-66',7),('2020-10-26','2020-11-07','567.567.567-56',143),('2020-10-27','2020-10-29','122.535.678-19',160),('2020-11-13','2020-11-18','876.876.876-87',222),('2020-11-20','2020-12-14','234.234.234-23',163),('2020-11-23','2020-12-01','901.901.901-90',119),('2020-11-25','2020-11-28','456.456.456-45',187),('2020-12-07','2021-01-05','876.876.876-87',134),('2020-12-14','2021-01-04','901.901.901-90',4),('2020-12-18','2021-01-05','154.276.143-87',32),('2020-12-26','2021-01-20','154.276.143-87',134),('2020-12-31','2021-01-20','122.535.678-19',9),('2021-01-03','2021-01-09','999.999.999-99',181),('2021-01-06','2021-01-28','765.765.765-76',57),('2021-01-08','2021-02-06','999.999.999-99',73),('2021-01-12','2021-01-15','666.666.666-66',30),('2021-01-16','2021-02-09','098.098.098-09',93),('2021-01-18','2021-02-02','123.123.123-12',215),('2021-01-26','2021-02-19','888.888.888-88',20),('2021-01-30','2021-02-13','234.234.234-23',95),('2021-02-07','2021-02-26','901.901.901-90',78),('2021-02-13','2021-03-10','321.321.321-32',168),('2021-03-01','2021-03-16','567.567.567-56',184),('2021-03-05','2021-03-12','098.098.098-09',21),('2021-03-12','2021-03-24','567.567.567-56',203),('2021-03-14','2021-04-07','210.210.210-21',197),('2021-03-18','2021-04-06','345.345.345-34',138),('2021-03-19','2021-04-01','999.999.999-99',150),('2021-03-31','2021-04-04','901.901.901-90',45),('2021-04-03','2021-04-09','000.000.000-00',127),('2021-04-10','2021-04-28','321.321.321-32',71),('2021-04-11','2021-05-02','876.876.876-87',38),('2021-04-17','2021-05-08','901.901.901-90',64),('2021-05-05','2021-05-24','098.098.098-09',66),('2021-05-09','2021-05-24','999.999.999-99',64),('2021-05-21','2021-06-06','765.765.765-76',27);
/*!40000 ALTER TABLE `emprestimo` ENABLE KEYS */;
UNLOCK TABLES;

--
-- Table structure for table `exemplar`
--

DROP TABLE IF EXISTS `exemplar`;
/*!40101 SET @saved_cs_client     = @@character_set_client */;
/*!50503 SET character_set_client = utf8mb4 */;
CREATE TABLE `exemplar` (
  `id_exemplar` int NOT NULL AUTO_INCREMENT,
  `titulo_lv` varchar(60) DEFAULT NULL,
  PRIMARY KEY (`id_exemplar`),
  KEY `titulo_lv` (`titulo_lv`),
  CONSTRAINT `exemplar_ibfk_1` FOREIGN KEY (`titulo_lv`) REFERENCES `livro` (`titulo_lv`)
) ENGINE=InnoDB AUTO_INCREMENT=233 DEFAULT CHARSET=utf8mb3;
/*!40101 SET character_set_client = @saved_cs_client */;

--
-- Dumping data for table `exemplar`
--

LOCK TABLES `exemplar` WRITE;
/*!40000 ALTER TABLE `exemplar` DISABLE KEYS */;
INSERT INTO `exemplar` VALUES (23,'A morte dos amigues'),(24,'A morte dos amigues'),(25,'A morte dos amigues'),(20,'Ace Ventura'),(161,'Algoritmos Teoria e prática'),(162,'Algoritmos Teoria e prática'),(163,'Algoritmos Teoria e prática'),(164,'Algoritmos Teoria e prática'),(69,'Alien'),(70,'Alien'),(71,'Alien'),(72,'Alien'),(73,'Alien'),(117,'Bíblia'),(118,'Bíblia'),(119,'Bíblia'),(120,'Bíblia'),(121,'Bíblia'),(122,'Bíblia'),(123,'Bíblia'),(124,'Bíblia'),(125,'Bíblia'),(126,'Bíblia'),(127,'Bíblia'),(128,'Bíblia'),(129,'Bíblia'),(130,'Bíblia'),(131,'Bíblia'),(132,'Bíblia'),(133,'Bíblia'),(134,'Bíblia'),(135,'Bíblia'),(136,'Bíblia'),(137,'Bíblia'),(138,'Bíblia'),(139,'Bíblia'),(140,'Bíblia'),(141,'Bíblia'),(142,'Bíblia'),(143,'Bíblia'),(144,'Bíblia'),(145,'Bíblia'),(146,'Bíblia'),(147,'Bíblia'),(148,'Bíblia'),(149,'Bíblia'),(150,'Bíblia'),(151,'Bíblia'),(152,'Bíblia'),(153,'Bíblia'),(154,'Bíblia'),(155,'Bíblia'),(156,'Bíblia'),(157,'Bíblia'),(158,'Bíblia'),(159,'Bíblia'),(160,'Bíblia'),(205,'Branca de Neve e os sete anões'),(206,'Branca de Neve e os sete anões'),(207,'Branca de Neve e os sete anões'),(208,'Branca de Neve e os sete anões'),(209,'Branca de Neve e os sete anões'),(210,'Branca de Neve e os sete anões'),(211,'Branca de Neve e os sete anões'),(212,'Branca de Neve e os sete anões'),(213,'Branca de Neve e os sete anões'),(214,'Branca de Neve e os sete anões'),(215,'Branca de Neve e os sete anões'),(216,'Branca de Neve e os sete anões'),(217,'Branca de Neve e os sete anões'),(218,'Branca de Neve e os sete anões'),(219,'Branca de Neve e os sete anões'),(220,'Branca de Neve e os sete anões'),(221,'Branca de Neve e os sete anões'),(222,'Branca de Neve e os sete anões'),(223,'Branca de Neve e os sete anões'),(224,'Branca de Neve e os sete anões'),(225,'Branca de Neve e os sete anões'),(226,'Branca de Neve e os sete anões'),(227,'Branca de Neve e os sete anões'),(228,'Branca de Neve e os sete anões'),(229,'Branca de Neve e os sete anões'),(230,'Branca de Neve e os sete anões'),(231,'Branca de Neve e os sete anões'),(45,'Caras'),(46,'Caras'),(47,'Caras'),(48,'Caras'),(49,'Caras'),(50,'Caras'),(51,'Caras'),(52,'Caras'),(53,'Caras'),(54,'Caras'),(55,'Caras'),(56,'Caras'),(57,'Caras'),(58,'Caras'),(59,'Caras'),(60,'Caras'),(61,'Caras'),(62,'Caras'),(63,'Caras'),(64,'Caras'),(65,'Caras'),(66,'Caras'),(67,'Caras'),(68,'Caras'),(81,'Coraline'),(82,'Coraline'),(83,'Coraline'),(84,'Coraline'),(85,'Coraline'),(86,'Coraline'),(87,'Coraline'),(88,'Coraline'),(89,'Coraline'),(90,'Coraline'),(91,'Coraline'),(92,'Coraline'),(93,'Coraline'),(94,'Coraline'),(95,'Coraline'),(96,'Coraline'),(97,'Coraline'),(98,'Coraline'),(99,'Coraline'),(100,'Coraline'),(101,'Coraline'),(102,'Coraline'),(103,'Coraline'),(104,'Coraline'),(105,'Coraline'),(106,'Coraline'),(107,'Coraline'),(108,'Coraline'),(109,'Coraline'),(110,'Coraline'),(111,'Coraline'),(165,'Game of Thrones'),(166,'Game of Thrones'),(167,'Game of Thrones'),(168,'Game of Thrones'),(169,'Game of Thrones'),(170,'Game of Thrones'),(171,'Game of Thrones'),(172,'Game of Thrones'),(173,'Game of Thrones'),(174,'Game of Thrones'),(175,'Game of Thrones'),(176,'Game of Thrones'),(177,'Game of Thrones'),(178,'Game of Thrones'),(179,'Game of Thrones'),(183,'João e o Pé de feijão'),(184,'João e o Pé de feijão'),(185,'João e o Pé de feijão'),(186,'João e o Pé de feijão'),(187,'João e o Pé de feijão'),(188,'João e o Pé de feijão'),(189,'João e o Pé de feijão'),(190,'João e o Pé de feijão'),(191,'João e o Pé de feijão'),(192,'João e o Pé de feijão'),(193,'João e o Pé de feijão'),(194,'João e o Pé de feijão'),(195,'João e o Pé de feijão'),(196,'João e o Pé de feijão'),(197,'João e o Pé de feijão'),(198,'João e o Pé de feijão'),(199,'João e o Pé de feijão'),(200,'João e o Pé de feijão'),(201,'João e o Pé de feijão'),(202,'João e o Pé de feijão'),(203,'João e o Pé de feijão'),(204,'João e o Pé de feijão'),(74,'Memórias póstumas de Brás Cubas'),(75,'Memórias póstumas de Brás Cubas'),(76,'Memórias póstumas de Brás Cubas'),(21,'Mortal Kombat: melhor que o filme'),(22,'Mortal Kombat: melhor que o filme'),(77,'Não seja um líder heroi'),(78,'Não seja um líder heroi'),(79,'Não seja um líder heroi'),(80,'Não seja um líder heroi'),(1,'O pequeno príncipe'),(2,'O pequeno príncipe'),(3,'O pequeno príncipe'),(4,'O pequeno príncipe'),(5,'O pequeno príncipe'),(6,'O pequeno príncipe'),(7,'O pequeno príncipe'),(12,'Percy Jackson'),(13,'Percy Jackson'),(14,'Percy Jackson'),(15,'Percy Jackson'),(16,'Percy Jackson'),(17,'Percy Jackson'),(18,'Percy Jackson'),(19,'Percy Jackson'),(112,'Scooby-doo'),(113,'Scooby-doo'),(114,'Scooby-doo'),(115,'Scooby-doo'),(116,'Scooby-doo'),(180,'Sistema de Bancos de dados'),(181,'Sistema de Bancos de dados'),(182,'Sistema de Bancos de dados'),(26,'The big foot'),(27,'The big foot'),(28,'The big foot'),(29,'The big foot'),(30,'The big foot'),(31,'The big foot'),(32,'The big foot'),(33,'The big foot'),(34,'The big foot'),(35,'The big foot'),(232,'Torá'),(8,'Trevas trevosas'),(9,'Trevas trevosas'),(10,'Trevas trevosas'),(11,'Trevas trevosas'),(36,'Uma paixão inesperada'),(37,'Uma paixão inesperada'),(38,'Uma paixão inesperada'),(39,'Uma paixão inesperada'),(40,'Uma paixão inesperada'),(41,'Uma paixão inesperada'),(42,'Uma paixão inesperada'),(43,'Uma paixão inesperada'),(44,'Uma paixão inesperada');
/*!40000 ALTER TABLE `exemplar` ENABLE KEYS */;
UNLOCK TABLES;

--
-- Table structure for table `funcionario`
--

DROP TABLE IF EXISTS `funcionario`;
/*!40101 SET @saved_cs_client     = @@character_set_client */;
/*!50503 SET character_set_client = utf8mb4 */;
CREATE TABLE `funcionario` (
  `cpf_f` varchar(14) NOT NULL,
  `data_nasc_f` date DEFAULT NULL,
  `sexo_f` enum('M','F') DEFAULT NULL,
  `nome_f` varchar(30) DEFAULT NULL,
  `contato_f` varchar(15) DEFAULT NULL,
  `rua_end_f` varchar(30) DEFAULT NULL,
  `cep_end_f` varchar(10) DEFAULT NULL,
  `numero_end_f` int DEFAULT NULL,
  `complemento_end_f` varchar(60) DEFAULT NULL,
  `bairro_end_f` varchar(40) DEFAULT NULL,
  `cidade_end_f` varchar(40) DEFAULT NULL,
  `data_contratacao_f` date DEFAULT NULL,
  PRIMARY KEY (`cpf_f`)
) ENGINE=InnoDB DEFAULT CHARSET=utf8mb3;
/*!40101 SET character_set_client = @saved_cs_client */;

--
-- Dumping data for table `funcionario`
--

LOCK TABLES `funcionario` WRITE;
/*!40000 ALTER TABLE `funcionario` DISABLE KEYS */;
INSERT INTO `funcionario` VALUES ('111.111.111-11','2001-02-21','M','João','(11)11111-1111','Rua Alameda Slim','11.111.111',3,'apto','Tiroleio','Cidade Fantasma','1998-02-21'),('222.222.222-22','1968-07-13','F','Maria','(22)22222-2222','Rua Inventei Hoje','22.222.222',487,'casa','Tiroleio','Cidade Fantasma','1998-02-21'),('333.333.333-33','1976-03-19','M','Adalberto','(33)33333-3333','Rua Alameda Slim','33.333.333',123,'apto','Tiroleio','Cidade Fantasma','1998-02-21'),('444.444.444-44','1982-12-01','M','Tiago','(44)44444-4444','Rua Alameda Slim','44.444.444',390,'casa','Tiroleio','Cidade Fantasma','1998-02-21'),('555.555.555-55','1992-05-30','F','Carla','(55)55555-5555','Rua Alameda Slim','55.555.555',1095,'casa','Tiroleio','Cidade Fantasma','1998-02-21');
/*!40000 ALTER TABLE `funcionario` ENABLE KEYS */;
UNLOCK TABLES;

--
-- Table structure for table `livro`
--

DROP TABLE IF EXISTS `livro`;
/*!40101 SET @saved_cs_client     = @@character_set_client */;
/*!50503 SET character_set_client = utf8mb4 */;
CREATE TABLE `livro` (
  `titulo_lv` varchar(60) NOT NULL,
  `autor_lv` varchar(60) DEFAULT NULL,
  `edicao_lv` int DEFAULT NULL,
  `genero_lv` enum('Ação','Ficção','Terror','Comédia','Literatura Estrangeira','Romance','Revista','Suspense','Literatura Nacional','Coaching','Fantasia','Aventura','Mistério','Religioso','Acadêmico','Fábula') DEFAULT NULL,
  `cpf_f` varchar(14) DEFAULT NULL,
  PRIMARY KEY (`titulo_lv`),
  KEY `cpf_f` (`cpf_f`),
  CONSTRAINT `livro_ibfk_1` FOREIGN KEY (`cpf_f`) REFERENCES `funcionario` (`cpf_f`)
) ENGINE=InnoDB DEFAULT CHARSET=utf8mb3;
/*!40101 SET character_set_client = @saved_cs_client */;

--
-- Dumping data for table `livro`
--

LOCK TABLES `livro` WRITE;
/*!40000 ALTER TABLE `livro` DISABLE KEYS */;
INSERT INTO `livro` VALUES ('A morte dos amigues','Sidneiro ah biteiro',24,'Suspense','333.333.333-33'),('Ace Ventura','Jim Carry',3,'Comédia','444.444.444-44'),('Algoritmos Teoria e prática','Cormen',14,'Acadêmico','111.111.111-11'),('Alien','Forasteiro Fantoura',5,'Ficção','111.111.111-11'),('Bíblia','Vários autores',90,'Religioso','444.444.444-44'),('Branca de Neve e os sete anões','Autor desconhecido',5,'Literatura Estrangeira','222.222.222-22'),('Caras','Globo',1,'Revista','444.444.444-44'),('Coraline','Neil Gaiman',7,'Fantasia','111.111.111-11'),('Game of Thrones','George RR Martin',2,'Fantasia','333.333.333-33'),('João e o Pé de feijão','Autor desconhecido',4,'Fábula','333.333.333-33'),('Memórias póstumas de Brás Cubas','Machado de Assis',12,'Literatura Nacional','222.222.222-22'),('Mortal Kombat: melhor que o filme','Algum autor decente',1,'Ação','222.222.222-22'),('Não seja um líder heroi','Conquer',1,'Coaching','444.444.444-44'),('O pequeno príncipe','Antoine de Saint-Exupéry',10,'Fábula','111.111.111-11'),('Percy Jackson','Rick Riordan',6,'Aventura','111.111.111-11'),('Scooby-doo','WhereAreYou',9,'Mistério','333.333.333-33'),('Sistema de Bancos de dados','Elmasri & Navathe',1,'Acadêmico','111.111.111-11'),('The big foot','American Stranger',9,'Literatura Estrangeira','111.111.111-11'),('Torá','Moisés',50,'Religioso','444.444.444-44'),('Trevas trevosas','Trevoso',1,'Terror','333.333.333-33'),('Uma paixão inesperada','Ela e o namorado dela',3,'Romance','222.222.222-22');
/*!40000 ALTER TABLE `livro` ENABLE KEYS */;
UNLOCK TABLES;
/*!40103 SET TIME_ZONE=@OLD_TIME_ZONE */;

/*!40101 SET SQL_MODE=@OLD_SQL_MODE */;
/*!40014 SET FOREIGN_KEY_CHECKS=@OLD_FOREIGN_KEY_CHECKS */;
/*!40014 SET UNIQUE_CHECKS=@OLD_UNIQUE_CHECKS */;
/*!40101 SET CHARACTER_SET_CLIENT=@OLD_CHARACTER_SET_CLIENT */;
/*!40101 SET CHARACTER_SET_RESULTS=@OLD_CHARACTER_SET_RESULTS */;
/*!40101 SET COLLATION_CONNECTION=@OLD_COLLATION_CONNECTION */;
/*!40111 SET SQL_NOTES=@OLD_SQL_NOTES */;

-- Dump completed on 2021-06-08 16:33:46
